Date,Open,High,Low,Close,Volume,MA_5,MA_20,RSI_14,Daily_Return
2023-11-14,20.0,20.100000381469727,19.5,19.940000534057617,83230500,19.21599998474121,17.192499971389772,71.26923356579937,0.011669277537722067
2023-11-15,19.899999618530273,20.3700008392334,19.611000061035156,19.950000762939453,75533500,19.50800018310547,17.32999997138977,71.32197337880922,0.0005015159786356804
2023-11-16,19.799999237060547,19.875,19.290000915527344,19.770000457763672,49942800,19.80800018310547,17.465500020980834,68.871342467219,-0.009022571342962693
2023-11-17,19.68000030517578,20.579999923706055,19.659000396728516,20.489999771118164,69497400,19.972000122070312,17.684499979019165,72.8847373778869,0.036418780813520346
2023-11-20,20.649999618530273,21.600000381469727,20.559999465942383,21.34000015258789,90270000,20.29800033569336,17.941499948501587,76.7034338331301,0.04148366964200023
2023-11-21,21.110000610351562,21.850000381469727,19.719999313354492,19.799999237060547,106643300,20.270000076293947,18.099499940872192,60.16985621904431,-0.07216499083954264
2023-11-22,20.260000228881836,20.440000534057617,19.329999923706055,19.690000534057617,68326000,20.21800003051758,18.30449995994568,59.18846897956847,-0.005555490264718799
2023-11-24,19.3799991607666,19.600000381469727,18.93000030517578,19.200000762939453,39800400,20.104000091552734,18.5,54.893359485332056,-0.024885716497092814
2023-11-27,19.1299991607666,19.5,18.6200008392334,19.079999923706055,58808200,19.822000122070314,18.700500011444092,53.86250638480465,-0.006250043461718424
2023-11-28,19.110000610351562,19.799999237060547,19.030000686645508,19.709999084472656,54170700,19.495999908447267,18.95149998664856,58.29091792690563,0.03301882407157963
2023-11-29,19.94499969482422,20.309999465942383,19.780000686645508,19.84000015258789,62782100,19.504000091552733,19.20349998474121,59.1619823210316,0.006595691230531164
2023-11-30,19.940000534057617,20.229999542236328,19.68000030517578,20.049999237060547,55501000,19.57599983215332,19.45999994277954,60.59364613088131,0.010584631192417815
2023-12-01,19.93000030517578,20.290000915527344,19.549999237060547,20.270000457763672,61493700,19.789999771118165,19.575,62.09294698782673,0.01097262987903136
2023-12-04,19.75,19.899999618530273,18.270000457763672,18.399999618530273,104948500,19.653999710083006,19.550500011444093,46.053577203514834,-0.09225460271349739
2023-12-05,18.25,18.549999237060547,17.959999084472656,18.299999237060547,54460800,19.371999740600586,19.538499927520753,45.3785210447833,-0.005434803453420622
2023-12-06,17.690000534057617,17.829999923706055,17.049999237060547,17.1299991607666,96111000,18.82999954223633,19.454999923706055,38.304102618549024,-0.06393443306404623
2023-12-07,17.219999313354492,17.479999542236328,17.079999923706055,17.219999313354492,56455000,18.26399955749512,19.39149990081787,39.090724241586244,0.0052539496203840574
2023-12-08,17.18000030517578,17.920000076293945,17.09000015258789,17.770000457763672,57542100,17.76399955749512,19.36649990081787,43.80597472283739,0.031939672842068
2023-12-11,17.969999313354492,18.280000686645508,17.700000762939453,17.770000457763672,50929600,17.637999725341796,19.271499919891358,43.80597472283739,0.0
2023-12-12,17.690000534057617,17.8799991607666,17.229999542236328,17.5,46231900,17.477999877929687,19.160999965667724,41.95673468357705,-0.015194172808572382
2023-12-13,17.649999618530273,17.899999618530273,17.219999313354492,17.8700008392334,52682600,17.626000213623048,19.057499980926515,45.360720898295874,0.021142905099051257
2023-12-14,18.170000076293945,18.579999923706055,17.719999313354492,18.209999084472656,67462800,17.82400016784668,18.970499897003172,48.35780740953062,0.01902620197380145
2023-12-15,18.670000076293945,19.149999618530273,18.040000915527344,18.200000762939453,93307100,17.910000228881835,18.891999912261962,48.27394984212387,-0.000549056674128523
2023-12-18,18.209999084472656,18.575000762939453,17.770000457763672,17.84000015258789,60188100,17.92400016784668,18.759499931335448,45.2324579160927,-0.01978025248683668
2023-12-19,17.979999542236328,18.190000534057617,17.84000015258789,17.950000762939453,43530300,18.01400032043457,18.589999961853028,46.344859781368974,0.006165953442304417
2023-12-20,17.8700008392334,17.920000076293945,17.190000534057617,17.25,58666900,17.89000015258789,18.4625,40.68207958407345,-0.03899725533074694
2023-12-21,17.530000686645508,17.739999771118164,17.420000076293945,17.59000015258789,30493600,17.76600036621094,18.357499980926512,44.24554839962751,0.019710153773210948
2023-12-22,17.700000762939453,17.700000762939453,17.325000762939453,17.40999984741211,33693800,17.608000183105467,18.267999935150147,42.78030512654619,-0.010233104241860858
2023-12-26,17.440000534057617,17.7450008392334,17.329999923706055,17.68000030517578,31750700,17.576000213623047,18.197999954223633,45.685859504056346,0.015508354975879435
2023-12-27,17.780000686645508,17.90999984741211,17.450000762939453,17.469999313354492,32918400,17.479999923706053,18.085999965667725,43.82198344765618,-0.01187788394776279
2023-12-28,17.459999084472656,17.84000015258789,17.420000076293945,17.559999465942383,38990000,17.54199981689453,17.97199993133545,44.860244701517885,0.005151697545808798
2023-12-29,17.520000457763672,17.639999389648438,17.100000381469727,17.170000076293945,38943500,17.457999801635744,17.827999973297118,41.2983708804471,-0.02220953311558127
2024-01-02,16.950000762939453,16.950000762939453,16.5,16.579999923706055,41626700,17.29199981689453,17.64349994659424,36.56804062173418,-0.0343622684895899
2024-01-03,16.1200008392334,16.3799991607666,16.010000228881836,16.09000015258789,46865200,16.973999786376954,17.52799997329712,33.16997242944841,-0.029553665462782264
2024-01-04,16.049999237060547,16.579999923706055,15.949999809265137,16.25,39937700,16.729999923706053,17.425500011444093,35.284659050073344,0.00994405505871776
2024-01-05,15.699999809265137,16.128000259399414,15.663999557495117,15.979999542236328,57700000,16.413999938964842,17.368000030517578,33.365956837815176,-0.01661541278545675
2024-01-08,16.219999313354492,16.889999389648438,16.139999389648438,16.670000076293945,49090000,16.313999938964844,17.34050006866455,42.039966274715304,0.04317900837443056
2024-01-09,16.510000228881836,16.6299991607666,16.280000686645508,16.389999389648438,35794500,16.27599983215332,17.271500015258788,39.77713793762149,-0.016796681785484213
2024-01-10,16.5,17.030000686645508,16.399999618530273,16.790000915527344,41254400,16.415999984741212,17.222500038146972,44.382736702270606,0.02440521908326243
2024-01-11,16.809999465942383,16.93000030517578,16.170000076293945,16.68000030517578,39552400,16.502000045776366,17.181500053405763,43.39978890004168,-0.006551554756011657
2024-01-12,16.68000030517578,17.059999465942383,16.6200008392334,16.760000228881836,33952600,16.658000183105468,17.126000022888185,44.36482814109131,0.004796158407816664
2024-01-16,16.59000015258789,16.739999771118164,16.290000915527344,16.530000686645508,32659300,16.63000030517578,17.042000102996827,42.14025755708142,-0.01372312285771804
2024-01-17,16.260000228881836,16.40999984741211,16.049999237060547,16.389999389648438,30832800,16.63000030517578,16.951500034332277,40.799195853184266,-0.008469527597187332
2024-01-18,16.75,16.809999465942383,16.100000381469727,16.399999618530273,35239700,16.552000045776367,16.879500007629396,40.943766420433654,0.0006101421143525076
2024-01-19,16.56999969482422,16.780000686645508,16.149999618530273,16.780000686645508,40690600,16.572000122070314,16.821000003814696,46.3092774089519,0.023170797375255514
2024-01-22,17.459999084472656,18.350000381469727,17.43000030517578,17.600000381469727,85573900,16.74000015258789,16.838500022888184,55.66906140607948,0.0488676794558669
2024-01-23,17.639999389648438,17.729999542236328,17.200000762939453,17.329999923706055,37794300,16.9,16.825500011444092,52.42815390395659,-0.015340934767702818
2024-01-24,17.510000228881836,17.649999618530273,16.735000610351562,16.75,42710700,16.972000122070312,16.792500019073486,46.20526153849406,-0.033467970355421706
2024-01-25,16.920000076293945,17.0,16.309999465942383,16.459999084472656,44589000,16.98400001525879,16.73149995803833,43.429581008891454,-0.01731348749416972
2024-01-26,16.399999618530273,16.75,16.34000015258789,16.350000381469727,28612200,16.897999954223632,16.675500011444093,42.38940169722292,-0.006682789132515521
2024-01-29,16.450000762939453,17.110000610351562,16.43000030517578,17.09000015258789,35987800,16.795999908447264,16.65200004577637,50.907897419701555,0.04525992378305044
2024-01-30,17.040000915527344,17.239999771118164,16.65999984741211,16.739999771118164,36388200,16.677999877929686,16.630500030517577,47.34230621376045,-0.02047983489436811
2024-01-31,16.40999984741211,16.760000228881836,16.06999969482422,16.09000015258789,43582500,16.545999908447264,16.60600004196167,41.52543031135874,-0.03882912947536177
2024-02-01,16.209999084472656,16.48699951171875,16.030000686645508,16.329999923706055,40454400,16.520000076293947,16.618000030517578,44.24922104088792,0.014916082588076529
2024-02-02,16.34000015258789,17.020000457763672,16.145000457763672,17.020000457763672,57672700,16.654000091552735,16.65650005340576,51.27623513020872,0.04225355402824915
2024-02-05,17.559999465942383,17.8700008392334,16.479999542236328,16.719999313354492,167698300,16.579999923706055,16.69350004196167,48.41870249150343,-0.01762638873915745
2024-02-06,20.299999237060547,22.18000030517578,19.760000228881836,21.8700008392334,420501900,17.6060001373291,16.953500080108643,74.59366947928049,0.30801445797701255
2024-02-07,21.600000381469727,23.8700008392334,21.3799991607666,23.600000381469727,254911100,19.108000183105467,17.314000129699707,78.534273419525,0.07910377118654788
2024-02-08,23.959999084472656,25.059999465942383,23.31999969482422,24.510000228881836,212671100,20.744000244140626,17.700000095367432,80.26796828526747,0.03855931494503806
2024-02-09,25.040000915527344,25.110000610351562,23.56999969482422,24.3799991607666,149062000,22.21599998474121,18.085000038146973,79.28283156650114,-0.005304001097562017
2024-02-12,23.90999984741211,25.524999618530273,23.81999969482422,25.049999237060547,108173000,23.881999969482422,18.499499988555907,80.60405935033104,0.027481546323108175
2024-02-13,23.530000686645508,24.65999984741211,23.309999465942383,24.010000228881836,102293300,24.309999847412108,18.873499965667726,72.8388505039901,-0.04151692773866722
2024-02-14,24.149999618530273,25.5,23.7549991607666,25.190000534057617,97227900,24.62799987792969,19.313500022888185,75.69938605969763,0.04914620132974212
2024-02-15,25.040000915527344,25.459999084472656,24.709999084472656,25.40999984741211,70544300,24.80799980163574,19.764000034332277,76.20259993229743,0.008733597010331495
2024-02-16,24.959999084472656,25.4950008392334,24.389999389648438,24.440000534057617,65498200,24.820000076293944,20.14700002670288,69.38065027555396,-0.03817392047144319
2024-02-20,23.84000015258789,24.0,22.71500015258789,23.399999618530273,93374300,24.49000015258789,20.436999988555907,62.88079450945129,-0.04255322801969996
2024-02-21,22.299999237060547,22.93000030517578,22.290000915527344,22.739999771118164,59628300,24.236000061035156,20.707499980926514,59.097016026306605,-0.028205122144081662
2024-02-22,23.770000457763672,23.950000762939453,23.049999237060547,23.59000015258789,64458200,23.915999984741212,21.049499988555908,62.24774167041359,0.037379084873575996
2024-02-23,23.530000686645508,24.06999969482422,22.81999969482422,22.969999313354492,48840800,23.427999877929686,21.375,58.696149822706396,-0.02628235842403681
2024-02-26,23.030000686645508,23.8799991607666,22.940000534057617,23.559999465942383,46499500,23.25199966430664,21.735499954223634,60.97783311541357,0.025685684380707396
2024-02-27,23.760000228881836,24.6200008392334,23.719999313354492,24.530000686645508,64967400,23.477999877929687,22.107499980926512,64.45443592152148,0.04117152982559813
2024-02-28,24.520000457763672,24.84000015258789,24.2450008392334,24.420000076293945,47314000,23.813999938964844,22.491499996185304,63.76068406281272,-0.004484329689050881
2024-02-29,24.809999465942383,25.292999267578125,24.360000610351562,25.079999923706055,62753300,24.111999893188475,22.94099998474121,66.11716794922621,0.027027020694107673
2024-03-01,25.299999237060547,25.690000534057617,24.53499984741211,24.93000030517578,64794400,24.504000091552733,23.371000003814697,65.08137674785121,-0.005980846052096367
2024-03-04,24.399999618530273,24.579999923706055,23.530000686645508,24.040000915527344,64320000,24.600000381469727,23.72200002670288,59.15940898408213,-0.03569993496805779
2024-03-05,23.959999084472656,24.409000396728516,23.43000030517578,23.809999465942383,49542300,24.456000137329102,24.076500034332277,57.69824992265695,-0.009567447621701364
2024-03-06,25.75,26.75,24.530000686645508,26.15999984741211,207386900,24.804000091552734,24.290999984741212,66.7377978328038,0.09869804427468165
2024-03-07,27.010000228881836,27.5,26.3799991607666,26.459999084472656,117519300,25.079999923706055,24.433999919891356,67.68709307948896,0.011467860810795205
2024-03-08,27.190000534057617,27.280000686645508,25.809999465942383,26.040000915527344,84256100,25.302000045776367,24.510499954223633,64.8947313545661,-0.015872947221369227
2024-03-11,25.889999389648438,26.829999923706055,25.290000915527344,25.350000381469727,60829300,25.563999938964844,24.55900001525879,60.48037866910388,-0.02649771543003976
2024-03-12,25.56999969482422,25.639999389648438,24.350000381469727,24.700000762939453,75202600,25.74200019836426,24.541500091552734,56.57611558963945,-0.025641010207061332
2024-03-13,24.700000762939453,25.440000534057617,24.600000381469727,25.0,59713000,25.510000228881836,24.591000080108643,57.9261009674442,0.012145717724457494
2024-03-14,24.829999923706055,24.969999313354492,24.139999389648438,24.43000030517578,49214800,25.10400047302246,24.553000068664552,54.46168055105898,-0.022799987792968768
2024-03-15,23.850000381469727,24.100000381469727,23.420000076293945,23.489999771118164,61421000,24.594000244140624,24.457000064849854,49.23236170718612,-0.03847730341036737
2024-03-18,23.770000457763672,24.18000030517578,23.31999969482422,24.0,44083000,24.32400016784668,24.435000038146974,51.92924399192783,0.02171137649430288
2024-03-19,23.5,23.829999923706055,22.920000076293945,23.799999237060547,43247200,24.1439998626709,24.455000019073488,50.78978841507737,-0.008333365122477177
2024-03-20,23.770000457763672,24.649999618530273,23.670000076293945,24.56999969482422,40273800,24.05799980163574,24.54650001525879,54.89342821754226,0.03235296144735389
2024-03-21,25.299999237060547,25.329999923706055,24.440000534057617,24.489999771118164,37099600,24.06999969482422,24.591499996185302,54.38598868072335,-0.003256000191278252
2024-03-22,24.200000762939453,24.475000381469727,24.020000457763672,24.18000030517578,25453000,24.207999801635744,24.65200004577637,52.365908326747814,-0.012658206159232965
2024-03-25,24.1200008392334,24.6200008392334,24.049999237060547,24.510000228881836,29255900,24.309999847412108,24.69950008392334,54.311389981767064,0.013647639352403873
2024-03-26,24.760000228881836,25.469999313354492,24.469999313354492,24.889999389648438,43610500,24.527999877929688,24.717500019073487,56.51387731769232,0.015503841583763833
2024-03-27,25.0,25.479999542236328,24.260000228881836,24.510000228881836,38600100,24.51599998474121,24.72200002670288,53.724773068686396,-0.015267142229205555
2024-03-28,24.170000076293945,24.280000686645508,22.940000534057617,23.010000228881836,70008200,24.220000076293946,24.61850004196167,44.40802403285679,-0.061199509832417176
2024-04-01,22.979999542236328,23.209999084472656,22.399999618530273,22.860000610351562,41000000,23.956000137329102,24.51500005722046,43.59388429417353,-0.006518888180713556
2024-04-02,22.0,22.790000915527344,21.719999313354492,22.719999313354492,39770600,23.59799995422363,24.448999977111818,42.80509758647683,-0.0061242910437051545
2024-04-03,22.440000534057617,23.010000228881836,22.3799991607666,22.700000762939453,30357400,23.160000228881835,24.39350004196167,42.68628198066607,-0.0008802179145879219
2024-04-04,23.81999969482422,24.100000381469727,22.399999618530273,22.479999542236328,64995300,22.754000091552733,24.20950002670288,41.32726186795802,-0.00969168340568094
2024-04-05,22.420000076293945,23.31999969482422,22.30699920654297,22.959999084472656,38716800,22.743999862670897,24.03450002670288,45.410870735347075,0.021352293238907194
2024-04-08,23.079999923706055,23.200000762939453,22.670000076293945,23.0,25022700,22.771999740600585,23.882499980926514,45.749733189603226,0.00174220022310001
2024-04-09,23.010000228881836,23.086999893188477,22.459999084472656,22.809999465942383,27643300,22.789999771118165,23.755499935150148,44.34174303071461,-0.008260892785113771
2024-04-10,22.219999313354492,22.709999084472656,22.010000228881836,22.420000076293945,28642900,22.73399963378906,23.64149990081787,41.51729314605089,-0.017097737780781053
2024-04-11,22.649999618530273,22.90999984741211,22.25,22.84000015258789,26399400,22.805999755859375,23.533499908447265,45.54043551751669,0.018733277201815834
2024-04-12,22.700000762939453,23.200000762939453,22.40999984741211,22.670000076293945,36764500,22.747999954223634,23.445499897003174,44.21460468952489,-0.0074430856023739445
2024-04-15,22.790000915527344,23.1299991607666,21.829999923706055,21.899999618530273,38182100,22.527999877929688,23.36599988937378,38.716493695976666,-0.033965613373281967
2024-04-16,21.59000015258789,21.989999771118164,21.270000457763672,21.8799991607666,33869200,22.341999816894532,23.25999984741211,38.58228848588801,-0.0009132629274910542
2024-04-17,22.010000228881836,22.110000610351562,21.219999313354492,21.309999465942383,30139800,22.11999969482422,23.1354998588562,34.872294145233184,-0.026051175351336164
2024-04-18,21.25,21.43000030517578,20.700000762939453,21.1299991607666,34550500,21.777999496459962,22.96349983215332,33.768026753355244,-0.008446753152831277
2024-04-19,20.979999542236328,21.43000030517578,20.329999923706055,20.469999313354492,39632600,21.33799934387207,22.762499809265137,30.014956268865262,-0.031235204620243096
2024-04-22,20.719999313354492,21.079999923706055,20.360000610351562,20.969999313354492,31894500,21.151999282836915,22.601999759674072,35.83332727275412,0.02442599007190993
2024-04-23,21.25,22.059999465942383,21.229999542236328,21.639999389648438,36304600,21.10399932861328,22.458499717712403,42.70697761851032,0.03195041002539578
2024-04-24,22.049999237060547,22.25,21.299999237060547,21.59000015258789,34426500,21.159999465942384,22.293499755859376,42.3424527712428,-0.002310500853547337
2024-04-25,20.81999969482422,21.739999771118164,20.65999984741211,21.709999084472656,26226700,21.275999450683592,22.153499698638917,43.58698541807465,0.005558079251350989
2024-04-26,22.049999237060547,22.670000076293945,21.90999984741211,22.520000457763672,33119800,21.68599967956543,22.128999710083008,51.23808632383946,0.03731006022337158
2024-04-29,22.75,23.09000015258789,22.545000076293945,22.829999923706055,30104900,22.05799980163574,22.127499675750734,53.81953107138313,0.013765517746049172
2024-04-30,22.770000457763672,22.8700008392334,21.950000762939453,21.969999313354492,30511900,22.123999786376952,22.089999675750732,46.46974235756924,-0.03766975966822328
2024-05-01,21.93000030517578,22.829999923706055,21.6299991607666,22.1200008392334,34665900,22.229999923706053,22.06099967956543,47.808543164579106,0.006827561700820217
2024-05-02,22.600000381469727,22.71500015258789,22.100000381469727,22.549999237060547,30396100,22.397999954223632,22.06449966430664,51.54940437763449,0.019439348169665305
2024-05-03,23.479999542236328,23.639999389648438,22.90999984741211,23.329999923706055,55976400,22.559999847412108,22.08299970626831,57.500162245971474,0.03458983206365662
2024-05-06,24.3700008392334,25.354999542236328,24.030000686645508,25.209999084472656,175936600,23.03599967956543,22.193499660491945,67.77389618875624,0.08058290471129825
2024-05-07,21.989999771118164,22.700000762939453,21.350000381469727,21.399999618530273,161061600,22.921999740600587,22.122999668121338,44.36667469590718,-0.15113048807245055
2024-05-08,21.579999923706055,21.729999542236328,21.059999465942383,21.559999465942383,67582900,22.809999465942383,22.07999963760376,45.222274631056685,0.007476628517019579
2024-05-09,21.489999771118164,21.579999923706055,20.940000534057617,21.139999389648438,54101900,22.527999496459962,21.994999599456786,43.33810447712834,-0.019480523501747116
2024-05-10,21.270000457763672,21.3700008392334,20.5,20.600000381469727,59845400,21.981999588012695,21.891499614715578,40.974320659902595,-0.025543946252104988
2024-05-13,20.600000381469727,21.190000534057617,20.600000381469727,20.940000534057617,37524800,21.12799987792969,21.843499660491943,43.079445230462895,0.01650486147047503
2024-05-14,20.950000762939453,22.06999969482422,20.93000030517578,21.440000534057617,57894400,21.136000061035155,21.821499729156493,46.122566645163104,0.02387774533180087
2024-05-15,21.729999542236328,21.809999465942383,21.184999465942383,21.670000076293945,39424000,21.158000183105468,21.839499759674073,47.51266749368393,0.010727590322163083
2024-05-16,21.739999771118164,21.8700008392334,21.53499984741211,21.649999618530273,27416700,21.260000228881836,21.865499782562257,47.39814299894297,-0.0009229560541419435
2024-05-17,21.780000686645508,22.16900062561035,21.559999465942383,21.760000228881836,30032300,21.49200019836426,21.929999828338623,48.13855496151119,0.005080859690058004
2024-05-20,21.770000457763672,21.770000457763672,21.219999313354492,21.6200008392334,35255300,21.628000259399414,21.96249990463257,47.227420841959464,-0.006433795412493448
2024-05-21,21.34000015258789,21.450000762939453,21.1200008392334,21.239999771118164,27954000,21.588000106811524,21.942499923706055,44.75148130704041,-0.017576366945631805
2024-05-22,21.229999542236328,21.420000076293945,21.079999923706055,21.170000076293945,25212500,21.488000106811523,21.921499919891357,44.29084749974554,-0.003295654217445154
2024-05-23,21.389999389648438,21.520000457763672,20.6299991607666,20.719999313354492,36887600,21.302000045776367,21.87199993133545,41.34460159561285,-0.021256531002253554
2024-05-24,20.719999313354492,21.149999618530273,20.649999618530273,21.010000228881836,22158700,21.15200004577637,21.796499919891357,43.93301138721342,0.01399618364564481
2024-05-28,21.059999465942383,21.219999313354492,20.729999542236328,21.049999237060547,26274200,21.0379997253418,21.70749988555908,44.29812614517123,0.001903808079151137
2024-05-29,20.770000457763672,20.989999771118164,20.639999389648438,20.940000534057617,24834200,20.977999877929687,21.65599994659424,43.45995168900087,-0.00522559178098525
2024-05-30,21.280000686645508,21.959999084472656,21.020000457763672,21.729999542236328,47210300,21.089999771118165,21.636499881744385,50.67790757575687,0.03772679025933301
2024-05-31,21.790000915527344,22.200000762939453,21.309999465942383,21.68000030517578,44416100,21.28199996948242,21.592999935150146,50.24075232700945,-0.0023009313444007917
2024-06-03,21.700000762939453,21.790000915527344,21.0049991607666,21.31999969482422,33876100,21.3439998626709,21.492499923706056,47.09097911323757,-0.016605193970666954
2024-06-04,21.049999237060547,22.260000228881836,21.040000915527344,22.100000381469727,41974000,21.554000091552734,21.33699998855591,53.84304583439153,0.036585398583981465
2024-06-05,22.479999542236328,22.979999542236328,22.219999313354492,22.959999084472656,39825400,21.957999801635744,21.414999961853027,59.916796002158875,0.038913967789974135
2024-06-06,22.979999542236328,23.950000762939453,22.979999542236328,23.790000915527344,60400400,22.370000076293945,21.526500034332276,64.73933958518926,0.03614990697521403
2024-06-07,23.239999771118164,23.56999969482422,23.059999465942383,23.309999465942383,37149900,22.695999908447266,21.635000038146973,60.226503449649876,-0.02017660492277118
2024-06-10,22.75,23.15999984741211,22.65999984741211,23.1299991607666,31429200,23.05799980163574,21.761499977111818,58.5774780491864,-0.007722020990981737
2024-06-11,23.059999465942383,23.950000762939453,22.889999389648438,23.850000381469727,30601900,23.407999801635743,21.90699996948242,62.94766442230425,0.03112845857445601
2024-06-12,24.200000762939453,24.329999923706055,23.56999969482422,23.770000457763672,38542700,23.570000076293944,22.023499965667725,62.162906413073976,-0.003354294441362371
2024-06-13,23.850000381469727,24.139999389648438,23.149999618530273,23.270000457763672,26035100,23.46599998474121,22.103499984741212,57.3505392312273,-0.02103491755872855
2024-06-14,23.149999618530273,23.719999313354492,22.84000015258789,23.56999969482422,26618300,23.518000030517577,22.199499988555907,59.38232241730989,0.012892102757155577
2024-06-17,23.469999313354492,25.059999465942383,23.450000762939453,25.020000457763672,54101500,23.89600028991699,22.3625,67.45296347663925,0.06151891309773161
2024-06-18,25.149999618530273,26.024999618530273,24.829999923706055,25.81999969482422,54458600,24.29000015258789,22.57249994277954,70.88969584466042,0.031974389385444946
2024-06-20,26.440000534057617,26.56999969482422,25.155000686645508,25.559999465942383,66735000,24.647999954223632,22.788499927520753,68.363161301914,-0.010069722383999613
2024-06-21,24.709999084472656,26.09000015258789,23.530000686645508,23.84000015258789,68605900,24.761999893188477,22.92199993133545,54.51995114937984,-0.06729261929939856
2024-06-24,23.440000534057617,24.386999130249023,23.299999237060547,24.15999984741211,36477400,24.879999923706055,23.09399995803833,56.29319989060212,0.013422805905036084
2024-06-25,24.15999984741211,24.6299991607666,23.920000076293945,24.559999465942383,29389400,24.7879997253418,23.271499919891358,58.47279648363127,0.016556275705983392
2024-06-26,24.469999313354492,24.65999984741211,24.024999618530273,24.100000381469727,24331400,24.4439998626709,23.423999977111816,55.07156197675973,-0.018729604823914725
2024-06-27,24.100000381469727,25.399999618530273,24.049999237060547,25.219999313354492,37882900,24.37599983215332,23.63799991607666,61.01723089453773,0.04647298398990585
2024-06-28,25.280000686645508,25.56999969482422,25.030000686645508,25.329999923706055,38886400,24.673999786376953,23.817999935150148,61.555348865339965,0.00436164208352352
2024-07-01,25.479999542236328,26.020000457763672,25.142000198364258,25.8799991607666,33167900,25.01799964904785,24.027999877929688,64.21518716844851,0.021713353285319537
2024-07-02,25.84000015258789,26.43000030517578,25.75,25.829999923706055,32148200,25.271999740600585,24.253499889373778,63.783159744816,-0.0019319644003831238
2024-07-03,25.959999084472656,26.270000457763672,25.760000228881836,25.850000381469727,18433800,25.621999740600586,24.440999889373778,63.887821615094104,0.0007743111816782555
2024-07-05,26.0,27.25,25.975000381469727,27.229999542236328,46703700,26.023999786376955,24.65449991226196,70.27154237039899,0.0533848797060692
2024-07-08,27.93000030517578,27.986000061035156,26.84000015258789,27.700000762939453,59611200,26.497999954223634,24.84999990463257,72.08169066775953,0.01726041970636505
2024-07-09,27.93000030517578,28.3799991607666,27.229999542236328,27.389999389648438,53067100,26.8,25.05399990081787,69.09336821361785,-0.011191385009121535
2024-07-10,27.5,28.469999313354492,27.3700008392334,28.420000076293945,43231000,27.318000030517577,25.318499946594237,73.08584038134772,0.03760499122299277
2024-07-11,28.489999771118164,28.59000015258789,26.899999618530273,27.639999389648438,61546100,27.67599983215332,25.507999897003174,66.12012044354196,-0.027445485029964245
2024-07-12,27.31999969482422,28.1299991607666,27.280000686645508,28.06999969482422,30760300,27.8439998626709,25.722999858856202,67.93450434501835,0.0155571749157426
2024-07-15,28.420000076293945,29.299999237060547,27.899999618530273,28.670000076293945,49186300,28.0379997253418,25.992999839782716,70.32274710449535,0.021375147416918594
2024-07-16,28.18000030517578,28.84000015258789,27.469999313354492,28.670000076293945,59330700,28.293999862670898,26.2479998588562,70.32274710449535,0.0
2024-07-17,28.0,28.8700008392334,27.600000381469727,28.219999313354492,45203500,28.253999710083008,26.407999801635743,66.04410776421707,-0.01569587588915078
2024-07-18,28.420000076293945,29.829999923706055,28.149999618530273,28.639999389648438,76485600,28.453999710083007,26.548999786376953,68.00100064149993,0.014883064724072748
2024-07-19,28.309999465942383,29.600000381469727,28.270000457763672,28.579999923706055,49581600,28.555999755859375,26.699999809265137,67.40339269785983,-0.0020949534644217893
2024-07-22,28.93000030517578,28.969999313354492,27.690000534057617,28.459999084472656,38037800,28.51399955749512,26.930999755859375,66.1512305602247,-0.00419876975345479
2024-07-23,28.34000015258789,29.190000534057617,28.309999465942383,28.809999465942383,31134300,28.541999435424806,27.163499736785887,68.01744231365788,0.01229797585133019
2024-07-24,28.440000534057617,28.684999465942383,26.579999923706055,26.600000381469727,49004100,28.21799964904785,27.265499782562255,49.47049149898623,-0.07670944552030268
2024-07-25,26.040000915527344,27.288000106811523,25.420000076293945,26.6299991607666,45474600,27.815999603271486,27.3919997215271,49.671107592188136,0.0011277736416039907
2024-07-26,27.0,27.34000015258789,26.770000457763672,27.18000030517578,27432200,27.53599967956543,27.489999771118164,53.32963713262848,0.020653442048150117
2024-07-29,27.559999465942383,27.799999237060547,26.729999542236328,27.079999923706055,26038800,27.25999984741211,27.577499771118163,52.58122190679061,-0.003679189858238674
2024-07-30,27.25,27.440000534057617,25.889999389648438,26.3700008392334,31819900,26.772000122070313,27.601999855041505,47.485816846188115,-0.02621857778703751
2024-07-31,27.020000457763672,27.389999389648438,26.8799991607666,26.889999389648438,29111600,26.829999923706055,27.654999828338624,51.214598483216534,0.019719322482591117
2024-08-01,27.020000457763672,27.53499984741211,25.829999923706055,26.079999923706055,31189600,26.720000076293946,27.66649980545044,45.763580491970544,-0.030122703024463404
2024-08-02,24.75,24.8700008392334,23.75,24.739999771118164,56092600,26.231999969482423,27.54199981689453,38.46901104168967,-0.05138037409922935
2024-08-05,21.739999771118164,24.420000076293945,21.229999542236328,24.09000015258789,88023500,25.63400001525879,27.361499786376953,35.5120327419249,-0.026273226537742
2024-08-06,27.049999237060547,27.420000076293945,25.56999969482422,26.59000015258789,99622700,25.677999877929686,27.321499824523926,51.0855274840558,0.10377750038044042
2024-08-07,27.06999969482422,28.360000610351562,26.239999771118164,26.31999969482422,75975400,25.563999938964844,27.21649980545044,49.68985255823216,-0.010154210463116264
2024-08-08,27.040000915527344,29.375,26.690000534057617,29.280000686645508,96892900,26.204000091552736,27.298499870300294,61.95976844395909,0.11246204506618462
2024-08-09,29.280000686645508,30.360000610351562,29.100000381469727,30.010000228881836,88131100,27.25800018310547,27.395499897003173,64.2738948704839,0.024931677770392957
2024-08-12,30.219999313354492,31.200000762939453,29.270000457763672,29.3799991607666,67890300,28.31599998474121,27.430999851226808,60.83438595065306,-0.020993037764422184
2024-08-13,29.788999557495117,30.850000381469727,29.559999465942383,30.389999389648438,57294200,29.07599983215332,27.516999816894533,64.14686980396058,0.03437713606985282
2024-08-14,30.6200008392334,31.3700008392334,30.329999923706055,31.0,49885600,30.011999893188477,27.655999851226806,66.0163151724594,0.020072412721381827
2024-08-15,31.309999465942383,31.4950008392334,30.829999923706055,31.219999313354492,43407600,30.399999618530273,27.78499984741211,66.69088137823412,0.007096752043693311
2024-08-16,31.040000915527344,32.75,30.979999542236328,32.08000183105469,64870600,30.813999938964844,27.95999994277954,69.25965553492689,0.02754652583647954
2024-08-19,32.41999816894531,32.59000015258789,31.81399917602539,32.5,52353600,31.438000106811522,28.16199998855591,70.45787632808651,0.013092211501644524
2024-08-20,32.5,32.720001220703125,31.6299991607666,32.31999969482422,40783000,31.82400016784668,28.3375,69.21271806592617,-0.005538470928485584
2024-08-21,32.31999969482422,32.66999816894531,31.969999313354492,32.540000915527344,38147600,32.13200035095215,28.63450002670288,69.91258647920905,0.00680696852662277
2024-08-22,32.54999923706055,33.125,31.850000381469727,31.920000076293945,43522200,32.27200050354004,28.899000072479247,65.40049447537515,-0.019053497903792294
2024-08-23,31.989999771118164,32.54999923706055,31.621999740600586,31.780000686645508,34121200,32.2120002746582,29.129000091552733,64.3899413379448,-0.004385945780507994
2024-08-26,31.43000030517578,31.739999771118164,30.790000915527344,30.850000381469727,35283600,31.882000350952147,29.317500114440918,57.98074539280474,-0.02926369682448071
2024-08-27,30.549999237060547,31.1200008392334,30.3799991607666,30.84000015258789,23541300,31.586000442504883,29.541000080108642,57.91399089305146,-0.0003241565237659394
2024-08-28,30.6200008392334,30.799999237060547,29.75,30.360000610351562,33961400,31.150000381469727,29.714500141143798,54.660950207821095,-0.015564187414442987
2024-08-29,30.649999618530273,31.81999969482422,30.483999252319336,31.0,39733000,30.966000366210938,29.960500144958495,58.044829853677044,0.021080348378854197
2024-08-30,31.049999237060547,31.5,30.700000762939453,31.479999542236328,42388000,30.9060001373291,30.297500133514404,60.430181954431085,0.015483856201171875
2024-09-03,31.350000381469727,31.589000701904297,30.165000915527344,30.510000228881836,34531600,30.838000106811524,30.6185001373291,53.77632562506915,-0.03081319337546551
2024-09-04,30.0,30.850000381469727,29.309999465942383,30.59000015258789,33419500,30.788000106811523,30.818500137329103,54.223997908661794,0.002622088597374894
2024-09-05,30.239999771118164,30.739999771118164,30.010000228881836,30.15999984741211,24012300,30.747999954223634,31.010500144958495,51.34552456841391,-0.01405689123997611
2024-09-06,30.600000381469727,31.040000915527344,29.5,30.329999923706055,50946800,30.613999938964845,31.063000106811522,52.420880205351736,0.005636607332693
2024-09-09,32.70000076293945,34.70000076293945,32.470001220703125,34.599998474121094,140582500,31.237999725341798,31.292500019073486,70.22304714773614,0.14078465417593322
2024-09-10,34.810001373291016,35.20000076293945,33.709999084472656,34.7599983215332,91721000,32.08799934387207,31.561499977111815,70.66594652494045,0.004624273250525723
2024-09-11,34.0099983215332,34.869998931884766,33.619998931884766,34.849998474121094,68302300,32.93999900817871,31.78449993133545,70.92789128243489,0.0025891874837098428
2024-09-12,34.86000061035156,35.400001525878906,34.53099822998047,34.90999984741211,54291900,33.88999900817871,31.979999923706053,71.11309142923709,0.0017217037566177318
2024-09-13,34.970001220703125,36.0099983215332,34.88999938964844,35.59000015258789,49727200,34.94199905395508,32.19849996566772,73.19700952140438,0.019478668236837304
2024-09-16,35.779998779296875,36.91999816894531,35.560001373291016,36.310001373291016,74767300,35.283999633789065,32.40999994277954,75.23423948762819,0.020230436010570507
2024-09-17,37.0,37.04999923706055,35.869998931884766,36.45000076293945,64461800,35.62200012207031,32.60749998092651,75.62223638965182,0.0038556701832410667
2024-09-18,35.900001525878906,37.11000061035156,35.87099838256836,36.380001068115234,66279800,35.92800064086914,32.81050004959106,74.98963156963262,-0.001920430544829821
2024-09-19,37.0,37.349998474121094,36.20000076293945,36.83000183105469,59882000,36.31200103759765,33.02500009536743,76.35879227274403,0.012369454363041488
2024-09-20,36.0099983215332,37.290000915527344,35.709999084472656,37.20000076293945,450290500,36.63400115966797,33.28900012969971,77.4517877244634,0.010046128522665176
2024-09-23,36.86000061035156,38.189998626708984,36.56999969482422,37.95000076293945,79460700,36.96200103759766,33.5975001335144,79.51882816483463,0.020161289909090163
2024-09-24,37.970001220703125,37.97999954223633,36.43000030517578,36.900001525878906,79519200,37.05200119018555,33.900000190734865,69.862863956819,-0.02766796352968548
2024-09-25,36.88999938964844,37.18000030517578,36.382999420166016,37.119998931884766,46511700,37.20000076293945,34.214000129699706,70.66657819673952,0.005961989076113339
2024-09-26,37.2599983215332,37.439998626708984,36.599998474121094,37.099998474121094,48602000,37.25400009155273,34.55100002288818,70.48254831743822,-0.0005388054509476436
2024-09-27,36.90999984741211,37.470001220703125,36.59000015258789,36.84000015258789,43219100,37.18199996948242,34.84300003051758,68.0033025788672,-0.0070080412999090624
2024-09-30,36.58000183105469,37.31999969482422,36.150001525878906,37.20000076293945,42110200,37.03199996948242,35.12900009155273,69.597927489923,0.009772003497841242
2024-10-01,37.209999084472656,37.560001373291016,36.04999923706055,36.459999084472656,52858000,36.943999481201175,35.42650003433228,62.68257431039524,-0.0198925178303766
2024-10-02,36.29999923706055,37.68000030517578,36.14500045776367,37.4900016784668,34988900,37.01800003051758,35.77150011062622,67.52009761607398,0.028250208992264936
2024-10-03,37.45000076293945,39.290000915527344,37.369998931884766,39.2400016784668,57196400,37.44600067138672,36.22550020217896,73.74703115479197,0.046679112340641815
2024-10-04,39.650001525878906,40.290000915527344,39.400001525878906,40.0099983215332,62532500,38.08000030517578,36.70950012207031,75.93333673408011,0.019622747454900002
2024-10-07,39.900001525878906,40.150001525878906,38.775001525878906,38.88999938964844,44124800,38.418000030517575,36.92400016784668,67.17086123517876,-0.027992976227694255
2024-10-08,39.290000915527344,41.4900016784668,39.01499938964844,41.45000076293945,62542900,39.41600036621094,37.258500289916995,74.43321922117178,0.06582672701127446
2024-10-09,41.54999923706055,43.34000015258789,41.209999084472656,43.130001068115234,86404700,40.544000244140626,37.672500419616696,77.88992368572775,0.04053076656823307
2024-10-10,42.91999816894531,43.87799835205078,42.40999984741211,43.52000045776367,62516300,41.4,38.103000450134275,78.61282477744902,0.009042415487829691
2024-10-11,43.400001525878906,44.380001068115234,42.619998931884766,43.5099983215332,66206900,42.1,38.49900035858154,78.54189908925407,-0.00022982849552533047
2024-10-14,43.720001220703125,44.38999938964844,43.279998779296875,43.400001525878906,41010900,43.002000427246095,38.85350036621094,77.71153682225268,-0.0025280808985888026
2024-10-15,43.474998474121094,43.68000030517578,41.51499938964844,42.43000030517578,48297000,43.19800033569336,39.15250034332276,70.62103138755515,-0.022350257755745173
2024-10-16,42.400001525878906,42.4900016784668,40.36000061035156,41.93000030517578,59157900,42.95800018310547,39.43000030517578,67.2165547967951,-0.011784114928205858
2024-10-17,42.150001525878906,42.70000076293945,41.61000061035156,42.0,34028400,42.65400009155273,39.688500213623044,67.45311222417055,0.0016694417914320248
2024-10-18,42.01499938964844,42.9900016784668,41.650001525878906,42.970001220703125,33969000,42.54600067138672,39.97700023651123,70.61711759154772,0.02309526715959831
2024-10-21,42.86000061035156,43.400001525878906,42.40999984741211,42.70000076293945,30719800,42.40600051879883,40.21450023651123,68.61753314984038,-0.006283464046856535
2024-10-22,42.689998626708984,43.4900016784668,42.29999923706055,42.939998626708984,27830700,42.508000183105466,40.516500091552736,69.44572193971469,0.005620558770055961
2024-10-23,42.849998474121094,43.68000030517578,42.05500030517578,42.59000015258789,35647000,42.64000015258789,40.79000015258789,66.68200001056908,-0.00815087296959982
2024-10-24,42.88999938964844,43.72999954223633,42.65999984741211,43.560001373291016,34079600,42.95200042724609,41.113000297546385,70.21931943492969,0.022775327946181978
2024-10-25,43.849998474121094,45.06999969482422,43.64500045776367,44.86000061035156,50416500,43.33000030517578,41.51400032043457,74.17634270923966,0.029843875024706534
2024-10-28,45.04999923706055,45.13999938964844,44.68000030517578,44.970001220703125,36729700,43.784000396728516,41.90250034332276,74.4852737730883,0.002452086688696564
2024-10-29,44.900001525878906,45.06999969482422,44.040000915527344,44.93000030517578,26154700,44.182000732421876,42.32600040435791,74.13794250686068,-0.0008895022112859197
2024-10-30,44.58000183105469,44.79999923706055,43.61000061035156,43.689998626708984,31309200,44.402000427246094,42.63600025177002,64.15137075285176,-0.027598523704526978
2024-10-31,42.790000915527344,43.31999969482422,40.900001525878906,41.560001373291016,50973400,44.002000427246095,42.75200023651123,51.35468698443515,-0.04875251362713107
2024-11-01,41.93000030517578,42.56999969482422,41.59000015258789,41.91999816894531,33722500,43.41399993896484,42.847500228881835,53.05899526231587,0.0086620977805274
2024-11-04,41.08000183105469,42.040000915527344,41.03200149536133,41.40999984741211,75413300,42.70199966430664,42.97350025177002,50.36680147223609,-0.012165991025997136
2024-11-05,47.86000061035156,51.57500076293945,46.86000061035156,51.130001068115234,208868200,43.94199981689453,43.457500267028806,75.68702844371151,0.23472594195893404
2024-11-06,53.439998626708984,55.689998626708984,51.61000061035156,55.529998779296875,114255900,46.30999984741211,44.07750015258789,80.52928722727145,0.08605510696782459
2024-11-07,55.81999969482422,56.470001220703125,53.54999923706055,55.880001068115234,121591200,49.17399978637695,44.695500183105466,80.85591098856328,0.006302940689940195
2024-11-08,55.56999969482422,58.47999954223633,55.29999923706055,58.38999938964844,84124000,52.46800003051758,45.43950023651123,83.05164938022216,0.04491764984889013
2024-11-11,60.132999420166016,62.08000183105469,58.689998626708984,60.2400016784668,108357800,56.23400039672852,46.281500244140624,84.46586754887056,0.03168354697990172
2024-11-12,59.0099983215332,60.09000015258789,58.56999969482422,59.849998474121094,59061300,57.97799987792969,47.15250015258789,82.89550280801066,-0.006474156598257785
2024-11-13,61.52000045776367,63.38999938964844,59.849998474121094,60.70000076293945,85937400,59.012000274658206,48.091000175476076,83.61068500332621,0.014202210701574236
2024-11-14,61.04999923706055,61.16999816894531,58.529998779296875,59.18000030517578,59968200,59.672000122070315,48.95000019073486,77.37989884355318,-0.025041193388117944
2024-11-15,61.0099983215332,66.0,60.90999984741211,65.7699966430664,155280400,61.1479995727539,50.089999961853025,83.21879095269341,0.11135512510827539
2024-11-18,64.91999816894531,64.91999816894531,58.849998474121094,61.2599983215332,136663100,61.35199890136719,51.01799983978272,69.91739975232045,-0.0685722753797442
2024-11-19,59.5099983215332,63.0099983215332,59.26499938964844,62.97999954223633,75557800,61.97799911499023,52.01999988555908,71.77056804955639,0.028077069340998184
2024-11-20,62.59000015258789,63.08000183105469,59.959999084472656,62.119998931884766,59182200,62.2619987487793,52.99649982452392,69.46632389721577,-0.013655138402705491
2024-11-21,62.040000915527344,63.400001525878906,60.89500045776367,61.36000061035156,56336700,62.69799880981445,53.88649978637695,67.40671927530059,-0.012234358251785427
2024-11-22,61.599998474121094,64.44000244140625,61.369998931884766,64.3499984741211,61381700,62.41399917602539,54.86099967956543,71.0441057749136,0.04872877825990618
2024-11-25,66.9000015258789,67.87999725341797,64.08000183105469,64.6500015258789,80640500,63.09199981689453,55.84499969482422,71.38911612662866,0.004662052196915845
2024-11-26,64.56999969482422,65.8499984741211,63.88999938964844,65.73999786376953,46923600,63.64399948120117,56.88549957275391,72.66356122324214,0.016859958424816135
2024-11-27,66.23999786376953,67.55999755859375,64.23999786376953,66.05000305175781,53839900,64.43000030517578,58.003499794006345,73.03149974407782,0.004715625160662373
2024-11-29,65.88999938964844,67.16000366210938,65.47000122070312,67.08000183105469,30104000,65.57400054931641,59.27949981689453,74.27062440320884,0.015594227580727704
2024-12-02,67.44000244140625,67.87999725341797,65.95999908447266,66.38999938964844,46405000,65.98200073242188,60.50299987792969,71.88769400457244,-0.010286261517166717
2024-12-03,66.41000366210938,71.37000274658203,66.1500015258789,70.95999908447266,100751400,67.24400024414062,61.980499839782716,77.12301482330099,0.06883566405841512
2024-12-04,71.12999725341797,71.18000030517578,67.27999877929688,69.8499984741211,86284800,68.06600036621094,62.91649971008301,73.54067980112954,-0.015642624361229096
2024-12-05,70.11000061035156,72.9800033569336,69.88999938964844,71.87000274658203,66585800,69.23000030517578,63.733499908447264,75.74836421576303,0.02891917418164769
2024-12-06,72.94999694824219,76.81999969482422,72.27999877929688,76.33999633789062,93640900,71.08199920654297,64.75649967193604,79.7707010658598,0.06219553945294898
2024-12-09,80.58000183105469,80.91000366210938,71.05000305175781,72.45999908447266,168134800,72.2959991455078,65.45999965667724,69.06308959127342,-0.05082522189606353
2024-12-10,71.98999786376953,75.55999755859375,70.7300033569336,70.88999938964844,89672500,72.28199920654296,65.99249954223633,65.24663460318422,-0.02166712275270577
2024-12-11,72.9800033569336,73.0,68.06999969482422,72.51000213623047,89477700,72.81399993896484,66.6254997253418,67.25725504261243,0.022852345331217272
2024-12-12,72.30000305175781,75.37999725341797,71.9000015258789,73.19999694824219,73859700,73.07999877929687,67.25049953460693,68.1036801972127,0.009515857008463025
2024-12-13,73.48999786376953,76.0999984741211,72.44999694824219,76.06999969482422,76172800,73.0259994506836,68.09499950408936,71.41385028963275,0.03920768942943176
2024-12-16,75.05999755859375,77.81999969482422,71.16000366210938,75.75,126099600,73.68399963378906,68.59399967193603,70.53489718153293,-0.0042066477732086716
2024-12-17,73.27999877929688,75.31999969482422,71.69999694824219,74.38999938964844,75469400,74.38399963378906,69.2504997253418,66.77339811734569,-0.017953803436984273
2024-12-18,74.30000305175781,77.5999984741211,70.2699966430664,71.51000213623047,109643400,74.18399963378906,69.6769998550415,59.53315018983963,-0.038714844428654804
2024-12-19,73.98999786376953,76.58999633789062,73.37000274658203,74.20999908447266,99524300,74.38600006103516,70.2814998626709,63.52605189180092,0.03775691326506392
2024-12-20,72.63999938964844,80.66000366210938,71.5,80.55000305175781,281230800,75.28200073242188,71.24099998474121,70.80956260766283,0.08543328453714683
2024-12-23,80.6500015258789,82.0199966430664,77.41000366210938,80.69000244140625,93819500,76.27000122070312,72.05800018310546,70.94752553848394,0.0017380432569131798
2024-12-24,81.08999633789062,84.7969970703125,81.0,82.37999725341797,64983300,77.86800079345703,72.94449996948242,72.62924116534273,0.020944290009644373
2024-12-26,83.16000366210938,83.48999786376953,81.30000305175781,82.13999938964844,60377100,79.99400024414062,73.76450004577637,71.99191776817095,-0.00291330264349543
2024-12-27,81.41999816894531,82.0,77.93000030517578,79.08000183105469,66975900,80.96800079345704,74.4159999847412,64.25045625392511,-0.03725344024021726
2024-12-30,77.04000091552734,79.23999786376953,76.11000061035156,77.18000030517578,60850900,80.29400024414062,74.92099990844727,59.9404604786624,-0.024026321217569535
2024-12-31,77.58000183105469,77.9800033569336,73.6500015258789,75.62999725341797,56267900,79.28199920654296,75.38299980163575,56.60454368978393,-0.020082962498432
2025-01-02,76.19999694824219,76.52999877929688,72.41999816894531,75.19000244140625,72217200,77.84400024414063,75.59449996948243,55.6576104176494,-0.0058177287847492876
2025-01-03,75.38999938964844,79.9800033569336,75.19000244140625,79.88999938964844,62415000,77.39400024414063,76.09650001525878,62.81383799648276,0.06250826965865275
2025-01-06,78.69000244140625,80.05999755859375,74.61000061035156,75.91999816894531,105619500,76.76199951171876,76.29899978637695,54.77287061379617,-0.04969334398589975
2025-01-07,75.19999694824219,75.38999938964844,69.75,69.98999786376953,91727300,75.3239990234375,75.9814998626709,45.4199297699152,-0.07810854120385657
2025-01-08,68.12000274658203,69.52999877929688,66.51000213623047,68.2300033569336,91349500,73.84400024414063,75.77000007629394,43.069261270094934,-0.0251463717753162
2025-01-10,66.01000213623047,68.19999694824219,65.04000091552734,67.26000213623047,78148600,72.25800018310547,75.58850021362305,41.78569524380699,-0.014216637446560432
2025-01-13,64.29000091552734,65.68000030517578,63.400001525878906,64.9800033569336,69046300,69.2760009765625,75.21200027465821,38.85453523771751,-0.03389828585908894
2025-01-14,67.18000030517578,68.2300033569336,65.19000244140625,65.91000366210938,56814900,67.27400207519531,74.84750061035156,40.68233697724223,0.014312099986626858
2025-01-15,68.55000305175781,68.8499984741211,67.08000183105469,68.13999938964844,56025800,66.9040023803711,74.45100059509278,44.93304724218993,0.03383394937999462
2025-01-16,69.08000183105469,71.43000030517578,68.36000061035156,69.23999786376953,62908700,67.10600128173829,74.12550048828125,46.95241681823624,0.01614321226847859
2025-01-17,70.9000015258789,72.33999633789062,69.94999694824219,71.7699966430664,54754000,68.00800018310547,73.99450035095215,51.369601010920306,0.03653955599875491
2025-01-21,73.23999786376953,73.63600158691406,70.60099792480469,73.06999969482422,56229000,69.6259994506836,74.07250022888184,53.51166595347502,0.018113461231203942
2025-01-22,74.5,77.16000366210938,73.80000305175781,76.87000274658203,66876400,71.81799926757813,74.2055004119873,59.17274522892277,0.052004968764588266
2025-01-23,76.04000091552734,79.0,75.83999633789062,78.9800033569336,55937900,73.98600006103516,74.12700042724609,61.94391231108099,0.02744894672773235
2025-01-24,79.05000305175781,82.23999786376953,78.44000244140625,78.9800033569336,77931900,75.93400115966797,74.04150047302247,61.94391231108099,0.0
2025-01-27,74.06999969482422,76.72000122070312,72.66999816894531,75.44000244140625,76093300,76.66800231933594,73.69450073242187,54.71740883687388,-0.04482148347764747
2025-01-28,75.54000091552734,80.73999786376953,74.04000091552734,80.2300033569336,65916700,78.10000305175781,73.59900093078613,61.2968991441628,0.06349417763139265
2025-01-29,79.94999694824219,80.81999969482422,77.80999755859375,79.76000213623047,49262200,78.6780029296875,73.63300094604492,60.37000473178417,-0.005858172766267322
2025-01-30,80.0199966430664,81.83000183105469,79.37999725341797,81.22000122070312,46067500,79.12600250244141,73.83500099182129,62.27819846656153,0.018304902775440945
2025-01-31,81.0,85.22000122070312,80.87000274658203,82.48999786376953,78731000,79.8280014038086,74.17800102233886,63.906239154046844,0.015636501157090477
2025-02-03,80.125,84.25,78.47000122070312,83.73999786376953,126592700,81.48800048828124,74.60550079345703,65.48519635791868,0.01515335231386894
2025-02-04,102.80000305175781,106.91000366210938,100.51000213623047,103.83000183105469,230806800,86.20800018310547,75.80250091552735,80.35772282829306,0.23990929639105207
2025-02-05,101.77999877929688,103.56999969482422,99.31999969482422,101.36000061035156,90628300,90.52799987792969,77.07450103759766,76.02049849700317,-0.023788897015740718
2025-02-06,101.08999633789062,111.54499816894531,100.26000213623047,111.27999877929688,128217500,96.53999938964844,79.13900108337403,80.5589109416022,0.0978689631926879
2025-02-07,111.66000366210938,116.30000305175781,110.44999694824219,110.8499984741211,143795400,102.21199951171874,81.2700008392334,79.85340752827554,-0.0038641293124797027
2025-02-10,112.02999877929688,116.76000213623047,108.72000122070312,116.6500015258789,99938100,108.79400024414062,83.73950080871582,82.12706737759152,0.0523229872042974
2025-02-11,116.5,118.66000366210938,112.0999984741211,112.62000274658203,94311700,110.5520004272461,86.12150077819824,75.73173428037799,-0.034547781625213436
2025-02-12,110.29000091552734,117.58999633789062,110.0,117.38999938964844,75316900,113.75800018310547,88.6955005645752,77.92309046771648,0.04235479068314252
2025-02-13,117.30999755859375,118.38999938964844,115.1500015258789,117.91000366210938,60027000,115.08400115966796,91.18400077819824,78.1546732671169,0.004429715266757173
2025-02-14,117.9000015258789,120.66999816894531,116.80000305175781,119.16000366210938,65528900,116.74600219726562,93.68000106811523,78.7322081325661,0.010601305751648304
2025-02-18,120.94000244140625,125.0,118.43000030517578,124.62000274658203,84227200,118.34000244140626,96.32250137329102,81.08456513804235,0.04582073612514348
2025-02-19,123.86000061035156,125.41000366210938,108.55999755859375,112.05999755859375,147487300,118.22800140380859,98.27200126647949,63.64527096298744,-0.1007864300366722
2025-02-20,102.91000366210938,107.4000015258789,95.80000305175781,106.2699966430664,243093900,116.00400085449219,99.74200096130372,57.50522635932856,-0.051668758180187124
2025-02-21,107.68000030517578,109.06999969482422,100.0,101.3499984741211,129063200,112.69199981689454,100.86050071716309,52.84033098531983,-0.04629715182423799
2025-02-24,95.87999725341797,99.01000213623047,89.30000305175781,90.68000030517578,184485000,106.99599914550781,101.4455005645752,44.423779534164105,-0.10527872056820808
2025-02-25,90.6500015258789,91.69999694824219,85.25,87.83999633789062,132626300,99.63999786376954,102.06550025939941,42.48408130272372,-0.03131896733267936
2025-02-26,89.16000366210938,91.69000244140625,87.58999633789062,89.30999755859375,94428700,95.08999786376953,102.51949996948242,43.85069718880491,0.016734987272182034
2025-02-27,91.91000366210938,93.62000274658203,84.16999816894531,84.7699966430664,99680500,90.78999786376953,102.76999969482422,40.63907022579793,-0.05083418474565271
2025-02-28,79.9800033569336,85.18000030517578,78.58000183105469,84.91999816894531,125977400,87.50399780273438,102.95499954223632,40.793362226861724,0.0017695119950340565
2025-03-03,88.55000305175781,90.4800033569336,82.52999877929688,83.41999816894531,114573900,86.05199737548828,103.00149955749512,39.68259502588343,-0.017663683847658596
2025-03-04,80.16000366210938,88.5,79.30000305175781,84.4000015258789,116800300,85.36399841308594,103.03449974060058,40.816444967377166,0.01174782280561626
2025-03-05,86.3499984741211,90.30000305175781,82.5,90.12999725341797,116053000,85.52799835205079,102.34949951171875,47.08030034716145,0.067890943411679
2025-03-06,87.50499725341797,88.33999633789062,80.01000213623047,80.45999908447266,117340600,84.66599884033204,101.3044994354248,39.48522527990672,-0.10728945371823584
2025-03-07,80.0250015258789,85.16000366210938,79.1500015258789,84.91000366210938,105377100,84.66399993896485,99.98599967956542,43.96514133286495,0.05530704235982875
2025-03-10,82.0,82.69000244140625,74.56999969482422,76.37999725341797,136843800,83.25599975585938,98.26249961853027,38.137017575541535,-0.10045938100103835
2025-03-11,75.78500366210938,80.74500274658203,75.52999877929688,78.05000305175781,109351500,81.98600006103516,96.33249969482422,39.81904349041547,0.021864439099140043
2025-03-12,83.4800033569336,84.55000305175781,79.86000061035156,83.6500015258789,116525100,80.69000091552735,94.88399963378906,45.19974636405818,0.07174885656836594
2025-03-13,82.84500122070312,83.73999786376953,78.31999969482422,79.62000274658203,100927200,80.52200164794922,92.99549980163575,42.270732751136194,-0.04817691220304532
2025-03-14,82.97000122070312,87.2699966430664,82.16000366210938,86.23999786376953,113985000,80.78800048828126,91.41199951171875,48.20798668505387,0.08314487426304051
2025-03-17,88.44000244140625,88.81999969482422,84.5,87.3499984741211,99348900,82.98200073242188,89.82149925231934,49.15228934901288,0.012871064910101149
2025-03-18,85.77999877929688,86.16999816894531,81.80000305175781,83.88999938964844,93236500,84.15,87.78499908447266,46.317437330031574,-0.03961075151589999
2025-03-19,84.55000305175781,87.98999786376953,82.86000061035156,86.0999984741211,89797400,84.63999938964844,86.48699913024902,48.365881823606735,0.026344011211726803
2025-03-20,85.54000091552734,89.80000305175781,85.12000274658203,87.38999938964844,105547400,86.19399871826172,85.54299926757812,49.575409876476186,0.014982589296039128
2025-03-21,85.8499984741211,91.06999969482422,84.45999908447266,90.95999908447266,116748700,87.13799896240235,85.0234992980957,52.866017936625134,0.040851352783589645
2025-03-24,93.4000015258789,97.38999938964844,92.27999877929688,96.75,112164700,89.01799926757812,85.32699928283691,57.68866664971471,0.06365436426786131
2025-03-25,97.22000122070312,98.16999816894531,95.08000183105469,96.5,78015300,91.53999938964844,85.75999946594239,57.41550060659956,-0.0025839793281653423
2025-03-26,96.29000091552734,97.30000305175781,90.81999969482422,92.27999877929688,81428600,92.7759994506836,85.90849952697754,52.864975671111814,-0.04373058259795981
2025-03-27,91.01499938964844,93.6500015258789,89.66999816894531,90.08999633789062,82823000,93.31599884033203,86.17449951171875,50.622673556481736,-0.023732146406330257
2025-03-28,89.33999633789062,89.37999725341797,84.0999984741211,85.8499984741211,91091700,92.29399871826172,86.22099952697754,46.5095309110581,-0.04706402526499209
2025-03-31,80.0,84.6500015258789,78.75,84.4000015258789,108092900,89.8239990234375,86.26999969482422,45.15823100096741,-0.01688988903918598
2025-04-01,83.88999938964844,85.27999877929688,81.81999969482422,84.68000030517578,78980700,87.45999908447266,86.28399963378907,45.487597063594556,0.0033175210217386564
2025-04-02,82.4000015258789,88.40499877929688,82.30000305175781,87.44999694824219,96563100,86.49399871826172,86.14999961853027,48.76579507248235,0.03271134427354383
2025-04-03,81.25,85.68000030517578,81.01000213623047,83.5999984741211,93878200,85.19599914550781,86.3069995880127,44.738722700546134,-0.04402514132047075
2025-04-04,80.06999969482422,80.9800033569336,71.93000030517578,74.01000213623047,147323200,82.82799987792968,85.76199951171876,36.625395121032916,-0.11471287694890653
2025-04-07,66.6500015258789,81.80000305175781,66.12000274658203,77.83999633789062,169083700,81.51599884033203,85.83499946594239,41.21079657781668,0.051749683706403315
2025-04-08,83.29000091552734,86.11399841308594,75.22000122070312,77.31999969482422,135345600,80.04399871826172,85.7984992980957,40.779386884778326,-0.00668032717793543
2025-04-09,78.19000244140625,93.33000183105469,77.2699966430664,92.01000213623047,187244300,80.95599975585938,86.21649932861328,55.084246262825424,0.18998968571374153
2025-04-10,88.4000015258789,90.77999877929688,84.13999938964844,88.58999633789062,124448200,81.95399932861328,86.66499900817871,51.938731758478816,-0.037169934995503695
2025-04-11,87.9800033569336,89.55000305175781,85.47000122070312,88.55000305175781,95130700,84.86199951171875,86.78049926757812,51.90140774395136,-0.0004514424628744296
2025-04-14,95.80000305175781,97.33000183105469,91.45999908447266,92.62000274658203,122836900,87.81800079345703,87.04399948120117,55.41294864367279,0.0459627278888437
2025-04-15,93.52999877929688,98.98999786376953,93.05000305175781,98.4000015258789,118457700,92.03400115966797,87.76949958801269,59.89133562830132,0.06240551293343777
2025-04-16,96.27999877929688,97.30000305175781,89.62000274658203,92.70999908447266,121997600,92.1740005493164,88.09999961853028,54.127636286683774,-0.05782522716638161
2025-04-17,94.70999908447266,95.11000061035156,92.2699966430664,93.77999877929688,83991800,93.21200103759766,88.4194995880127,55.00455978826302,0.011541362370733
2025-04-21,92.83999633789062,96.4749984741211,89.30999755859375,90.80000305175781,83831100,93.66200103759766,88.41149978637695,52.02183665598181,-0.03177645304253229
2025-04-22,93.01499938964844,96.33999633789062,91.3499984741211,93.98999786376953,91185400,93.93600006103516,88.27349967956543,54.84465195058075,0.035132100273095324
2025-04-23,98.86000061035156,103.76000213623047,97.83000183105469,100.81999969482422,112909500,94.41999969482421,88.48949966430663,60.238701469929204,0.07266732616543092
2025-04-24,101.52999877929688,108.0,100.91000366210938,107.77999877929688,103190700,97.43399963378906,89.26449966430664,64.84700534336136,0.06903391296905514
2025-04-25,108.05000305175781,112.87999725341797,106.55000305175781,112.77999877929688,103933800,101.23399963378907,90.39899978637695,67.73965026415871,0.046390796591476935
2025-04-28,113.77999877929688,114.86000061035156,108.87000274658203,114.6500015258789,111082900,106.00399932861328,91.83899993896485,68.7745503489095,0.0165809786027884
2025-04-29,113.9800033569336,117.2300033569336,113.23999786376953,116.08000183105469,79709000,110.42200012207032,93.42299995422363,69.57824699558745,0.012472745627072568
2025-04-30,111.61000061035156,118.77999877929688,110.54000091552734,118.44000244140625,109461700,113.94600067138671,95.11100006103516,70.90901558487596,0.020330811277780247
2025-05-01,120.04000091552734,120.19000244140625,116.0,116.19999694824219,90677600,115.63000030517578,96.54850006103516,67.87411722370041,-0.01891257554028014
2025-05-02,118.66000366210938,124.41999816894531,118.62999725341797,124.27999877929688,103094300,117.93000030517578,98.58250007629394,72.45394515991097,0.06953530157710497
2025-05-05,123.69999694824219,125.25499725341797,121.36000061035156,123.7699966430664,135961300,119.75399932861328,101.07049980163575,71.75857965159344,-0.00410365417798364
2025-05-06,112.70999908447266,113.91000366210938,105.31999969482422,108.86000061035156,201193400,118.30999908447265,102.62150001525879,55.107216337758985,-0.1204653505462473
2025-05-07,107.97000122070312,111.8499984741211,107.0,110.4800033569336,95428800,116.71799926757812,104.27950019836426,56.29391585755027,0.014881524320219164
2025-05-08,112.27999877929688,120.37999725341797,112.06999969482422,119.1500015258789,126966200,117.30800018310546,105.63650016784668,62.07232616971801,0.07847572325767116
2025-05-09,118.97000122070312,119.16000366210938,114.9000015258789,117.30000305175781,81005300,115.91200103759766,107.07200050354004,60.24210462576583,-0.015526634078299018
2025-05-12,120.77999877929688,120.93499755859375,115.01000213623047,118.45999908447266,94257300,114.85000152587891,108.56750030517578,61.018238992092876,0.009889138981548085
2025-05-13,119.91999816894531,130.60000610351562,119.30999755859375,128.10000610351562,147155400,118.69800262451172,110.34150047302246,66.81585774940183,0.08137774011097854
2025-05-14,129.00999450683594,133.49000549316406,127.55899810791016,130.17999267578125,96611500,122.63800048828125,111.93050003051758,67.92434720722878,0.016237209002041952
2025-05-15,128.3699951171875,130.1999969482422,125.73999786376953,128.1199951171875,69503000,124.43199920654297,113.70099983215331,65.5875904635224,-0.01582422549157969
2025-05-16,129.22999572753906,130.3300018310547,126.76000213623047,129.52000427246094,57003700,126.8759994506836,115.48800010681153,66.43277648430441,0.010927327572818779
2025-05-19,124.71499633789062,127.7699966430664,124.31999969482422,126.33000183105469,72503900,128.45,117.26450004577637,62.65662799011895,-0.024629418901930378
2025-05-20,127.22000122070312,128.1999969482422,124.6500015258789,125.58999633789062,61265300,127.947998046875,118.84449996948243,61.779347264999416,-0.005857717742723478
2025-05-21,125.16000366210938,127.11000061035156,119.41000366210938,120.58000183105469,80657700,126.02799987792969,119.83250007629394,56.05683021977476,-0.03989166854784287
2025-05-22,121.94999694824219,126.33000183105469,121.375,122.29000091552734,75498300,124.86200103759765,120.55800018310546,57.50372823782236,0.014181448486528803
2025-05-23,120.87999725341797,125.54000091552734,120.68000030517578,123.30999755859375,65905800,123.61999969482422,121.08450012207031,58.38395564428062,0.008340801663506259
2025-05-27,126.81999969482422,127.87999725341797,120.87999725341797,123.38999938964844,86455200,123.03199920654296,121.5215000152588,58.45663842918591,0.0006487862512256637
2025-05-28,124.2300033569336,125.6500015258789,122.91000366210938,123.76000213623047,64866000,122.66600036621094,121.90550003051757,58.81490029837631,0.002998644528829475
2025-05-29,125.3499984741211,126.47000122070312,121.52999877929688,122.31999969482422,62929100,123.01399993896484,122.09949989318848,56.763223413160155,-0.01163544292623031
2025-05-30,123.52999877929688,131.94000244140625,122.75,131.77999877929688,185897600,124.91199951171875,122.87849998474121,65.32162859270147,0.07733812220466296
2025-06-02,131.43499755859375,134.47999572753906,128.86000061035156,132.0399932861328,93218700,126.65799865722656,123.26649971008301,65.52361355427516,0.0019729436124169553
2025-06-03,133.07000732421875,135.27999877929688,130.10000610351562,133.1699981689453,91297700,128.61399841308594,123.73649978637695,66.43857248099931,0.008558050138367967
2025-06-04,132.8000030517578,132.9499969482422,125.58000183105469,130.00999450683594,97306300,129.86399688720704,124.79399948120117,61.521582682673206,-0.023729095934209243
2025-06-05,129.27000427246094,132.85000610351562,118.93000030517578,119.91000366210938,131055900,129.38199768066406,125.26549949645997,49.031340503621045,-0.07768626468325479
2025-06-06,123.7300033569336,128.1300048828125,121.91999816894531,127.72000122070312,87175100,128.56999816894532,125.69399948120117,56.402263923574296,0.065132160120696
2025-06-09,127.07499694824219,132.22999572753906,124.80000305175781,132.05999755859375,74785600,128.5739990234375,126.43199920654297,59.87489036635582,0.03398055352654605
2025-06-10,131.02000427246094,134.07000732421875,129.41000366210938,132.80999755859375,69308900,128.5019989013672,127.14949913024903,60.46099672195066,0.005679236815578692
2025-06-11,133.9199981689453,140.0,132.99000549316406,136.38999938964844,97366000,129.7779998779297,127.56399879455566,63.22252075149917,0.026955815803514582
2025-06-12,136.39999389648438,137.10000610351562,134.6300048828125,135.19000244140625,56248200,132.83399963378906,127.81449928283692,61.66776247778372,-0.008798276659668813
2025-06-13,133.81500244140625,139.99000549316406,133.35000610351562,137.39999389648438,93519000,134.7699981689453,128.27849922180175,63.45042266100747,0.016347299468656873
2025-06-16,140.02999877929688,144.86000061035156,139.81199645996094,141.41000366210938,80779800,136.63999938964844,128.87299919128418,66.4951704632947,0.02918493408846934
2025-06-17,141.48500061035156,141.69000244140625,136.0800018310547,138.1999969482422,70479100,137.71799926757814,129.46649894714355,62.03979303087788,-0.02269999738870887
2025-06-18,139.0399932861328,140.36000061035156,137.49000549316406,139.9600067138672,58260200,138.43200073242187,130.18499946594238,63.48445424497729,0.012735237369680519
2025-06-20,140.69000244140625,142.24000549316406,136.74200439453125,137.3000030517578,87067000,138.8540008544922,131.02099952697753,59.781437823304096,-0.019005455376602365
2025-06-23,138.89999389648438,142.14999389648438,135.9600067138672,139.9199981689453,70501100,139.35800170898438,131.90249938964843,62.12483403175099,0.019082265542265553
2025-06-24,140.97999572753906,143.66000366210938,137.8000030517578,143.22999572753906,58574200,139.7220001220703,132.89849929809571,64.90681315189127,0.023656357932460237
2025-06-25,144.49000549316406,147.6699981689453,141.52999877929688,142.89999389648438,61435300,140.66199951171876,133.8739990234375,64.39894447273686,-0.0023039994477305203
2025-06-26,144.85000610351562,148.21499633789062,142.91000366210938,144.25,69440500,141.5199981689453,134.89849891662598,65.58528505326854,0.00944720896554796
2025-06-27,144.8699951171875,144.97000122070312,130.5399932861328,130.74000549316406,202598600,140.20799865722657,135.31949920654296,48.25537435338149,-0.09365680767303941
2025-06-30,137.7899932861328,138.875,134.8000030517578,136.32000732421875,97305600,139.48800048828124,135.54649963378907,53.69738386428933,0.04268014071137882
2025-07-01,135.27000427246094,136.32000732421875,128.50999450683594,130.67999267578125,91479700,136.97799987792968,135.47849960327147,48.18161596818742,-0.041373344669968226
2025-07-02,131.47000122070312,133.60000610351562,130.19000244140625,132.1199951171875,59732000,134.8220001220703,135.4259994506836,49.6049550429334,0.011019303046480244
2025-07-03,134.36000061035156,135.6199951171875,132.50999450683594,134.36000061035156,41812500,132.84400024414063,135.64349975585938,51.82185023990319,0.016954326187926583
2025-07-07,134.3800048828125,139.2899932861328,132.32000732421875,139.1199951171875,71959700,134.5199981689453,136.60399932861327,56.228336579563916,0.035427169434451455
2025-07-08,138.77499389648438,139.85499572753906,135.7899932861328,139.7100067138672,59834800,135.197998046875,137.2034996032715,56.756300123068776,0.004241026576968343
2025-07-09,139.65499877929688,143.1699981689453,137.38999938964844,143.1300048828125,68494800,137.68800048828126,137.75699996948242,59.78430435978795,0.024479264222996067
2025-07-10,143.30999755859375,145.16000366210938,139.52999877929688,142.5,64383900,139.76400146484374,138.24150009155272,58.9652132119013,-0.004401626921820556
2025-07-11,142.11000061035156,144.5800018310547,141.47000122070312,142.10000610351562,52134800,141.31200256347657,138.5270004272461,58.417963430059686,-0.002806974712171062
2025-07-14,142.72000122070312,149.5749969482422,142.22000122070312,149.14999389648438,81774400,143.31800231933593,139.225,64.64596112205126,0.04961286059222991
2025-07-15,148.92999267578125,150.6199951171875,147.36000061035156,148.5800018310547,59126200,145.09200134277344,139.78400039672852,63.813771627185965,-0.0038216030087488972
2025-07-16,149.3000030517578,151.50999450683594,147.6739959716797,150.91000366210938,57550300,146.64800109863282,140.2590003967285,65.75446500251286,0.015681799719615475
2025-07-17,151.55999755859375,155.67999267578125,150.82000732421875,153.99000549316406,60165500,148.9460021972656,141.04850082397462,68.18356043552994,0.02040952724347478
2025-07-18,154.86000061035156,154.9199981689453,151.89999389648438,153.52000427246094,45771600,151.2300018310547,141.72650070190429,67.39792718340186,-0.0030521540615439102
2025-07-21,153.8800048828125,155.44000244140625,151.36000061035156,151.7899932861328,45072800,151.75800170898438,142.45100021362305,64.45401587754628,-0.011268961296130309
2025-07-22,150.85000610351562,151.7899932861328,145.06199645996094,149.07000732421875,49880800,151.8560028076172,142.90850067138672,60.01543988422545,-0.017919402346811664
2025-07-23,149.74000549316406,155.0,148.28700256347656,154.6300048828125,48062000,152.60000305175782,143.4785011291504,65.27898881451901,0.037297895521673174
2025-07-24,153.97999572753906,155.6300048828125,152.5749969482422,154.86000061035156,38925700,152.7740020751953,144.07650146484374,65.48141615210574,0.0014873939098261069
2025-07-25,155.6300048828125,160.38999938964844,155.5800018310547,158.8000030517578,57972300,153.8300018310547,144.80400161743165,68.83357919920773,0.025442350677240544
2025-07-28,159.8800048828125,160.27999877929688,153.0399932861328,157.8800048828125,63886900,155.04800415039062,146.16100158691407,67.19272654534078,-0.005793439239704878
2025-07-29,158.71499633789062,160.13999938964844,154.91000366210938,156.24000549316406,42427200,156.48200378417968,147.15700149536133,64.2523713345119,-0.010387631992193946
2025-07-30,157.36500549316406,159.3800048828125,156.55999755859375,158.61000061035156,40261700,157.2780029296875,148.55350189208986,66.53166404933347,0.015168939028814776
2025-07-31,159.99000549316406,160.88999938964844,156.72999572753906,158.35000610351562,45342600,157.97600402832032,149.86500244140626,66.0342437809089,-0.0016392062659066342
2025-08-01,155.0500030517578,158.19000244140625,151.05799865722656,154.27000427246094,61287000,157.07000427246095,150.86050262451172,58.626742659819655,-0.02576571944296313
2025-08-04,158.52999877929688,161.39999389648438,157.92999267578125,160.66000366210938,82993600,157.62600402832032,151.9375030517578,65.20925125291362,0.041420880357032175
2025-08-05,171.80999755859375,176.3300018310547,169.22000122070312,173.27000427246094,130917500,161.0320037841797,153.6155029296875,74.00027493581916,0.07848873598230566
2025-08-06,171.1750030517578,180.58099365234375,171.00999450683594,179.5399932861328,82924800,165.21800231933594,155.4360023498535,77.09889587640492,0.03618623454185732
2025-08-07,181.00999450683594,184.47999572753906,178.1699981689453,182.1999969482422,77829200,169.98800048828124,157.42100219726564,78.28147487897748,0.014815660920016516
2025-08-08,184.73500061035156,187.99000549316406,184.41000366210938,186.9600067138672,62657900,176.5260009765625,159.66400222778321,80.24715847830797,0.026125191247819757
2025-08-11,186.47000122070312,187.17999267578125,181.9199981689453,182.67999267578125,56125600,180.92999877929688,161.34050216674805,73.78095194431296,-0.022892671610973414
2025-08-12,184.6999969482422,190.0,182.10000610351562,186.97000122070312,54819000,183.6699981689453,163.26000213623047,75.87898859257987,0.023483735038985598
2025-08-13,189.0,189.4600067138672,183.58999633789062,184.3699951171875,53610000,184.63599853515626,164.93300170898436,72.11273951235762,-0.013906006774030644
2025-08-14,182.41000366210938,185.3300018310547,179.1999969482422,181.02000427246094,53472900,184.4,166.2845016479492,67.46621945816409,-0.01816993509490128
2025-08-15,179.72500610351562,180.0,173.3800048828125,177.1699981689453,60288700,182.44199829101564,167.46700134277344,62.48331707002604,-0.02126840135149266
2025-08-18,175.27000427246094,177.89999389648438,171.38999938964844,174.02999877929688,62656600,180.71199951171874,168.57900161743163,58.67690310297298,-0.017723087554892936
2025-08-19,171.36000061035156,172.3000030517578,156.89999389648438,157.75,137922700,174.8679992675781,169.01300125122071,43.78406396505681,-0.09354708322409977
2025-08-20,152.3000030517578,156.4600067138672,142.33999633789062,156.00999450683594,220336400,169.1959991455078,169.08200073242188,42.541262870127376,-0.011030145756982912
2025-08-21,157.1699981689453,157.97000122070312,153.80999755859375,156.17999267578125,94678600,164.22799682617188,169.14800033569335,42.712352958331515,0.001089662040452577
2025-08-22,155.31500244140625,163.1999969482422,151.77000427246094,158.74000549316406,102099200,160.54199829101563,169.14500045776367,45.35130297684043,0.016391426158517186
2025-08-25,156.10000610351562,158.58999633789062,149.3699951171875,157.1699981689453,86879800,157.1699981689453,169.1095001220703,44.01227928243911,-0.00989043259347977
2025-08-26,155.38999938964844,162.1300048828125,154.57000732421875,160.8699951171875,86573700,157.79399719238282,169.34099960327148,47.915234572114144,0.023541369162993764
2025-08-27,162.32000732421875,162.39999389648438,155.97999572753906,156.72000122070312,76380600,157.93599853515624,169.24649963378906,44.193938131479854,-0.025797190417400473
2025-08-28,157.6300048828125,158.22999572753906,152.5500030517578,158.1199951171875,57885200,158.3239990234375,169.23499908447266,45.725312412283316,0.00893309013259147
2025-08-29,156.97999572753906,158.4199981689453,153.0,156.7100067138672,45270500,157.91799926757812,169.35699920654298,44.40373219465875,-0.00891720495105841
2025-09-02,151.1999969482422,158.38999938964844,150.27999877929688,157.08999633789062,65435000,157.9019989013672,169.17849884033203,44.8662149429295,0.0024247948933935337
2025-09-03,158.0,161.14999389648438,152.7100067138672,154.89999389648438,66052300,156.70799865722657,168.2599983215332,42.66347286486689,-0.013941068766057496
2025-09-04,154.86500549316406,157.0399932861328,153.16000366210938,156.13999938964844,53292300,156.5919982910156,167.089998626709,44.330062373549154,0.008005200400412749
2025-09-05,157.82000732421875,158.97000122070312,148.0399932861328,153.11000061035156,81855900,155.58999938964843,165.63549880981446,41.18021576535185,-0.01940565384360926
2025-09-08,154.91000366210938,158.3000030517578,154.83999633789062,156.10000610351562,47643000,155.46799926757814,164.09249877929688,45.30987480536221,0.019528479402030063
2025-09-09,157.25,162.75,156.3699951171875,162.36000061035156,61359500,156.52200012207032,163.07649917602538,52.7840927485284,0.040102461640422415
2025-09-10,166.0,169.0,163.44000244140625,166.74000549316406,62211400,158.89000244140624,162.06499938964845,57.19231891656409,0.02697711792527091
2025-09-11,167.24000549316406,167.45799255371094,163.22000122070312,164.36000061035156,42025500,160.53400268554688,161.06449966430665,54.229539087491844,-0.014273748377140794
2025-09-12,165.35000610351562,171.52999877929688,164.00999450683594,171.42999267578125,54498500,164.1980010986328,160.58499908447266,60.7364774798731,0.04301528376232189
2025-09-15,169.60000610351562,171.8000030517578,167.41000366210938,171.2100067138672,45396100,167.22000122070312,160.28699951171876,60.44851376914675,-0.0012832408056512312
2025-09-16,171.0399932861328,171.30999755859375,168.9600067138672,170.25999450683594,34598700,168.8,160.0984992980957,59.14438468686457,-0.00554881239283489
2025-09-17,169.02000427246094,169.67999267578125,161.27000427246094,168.3300018310547,69255500,169.1179992675781,160.62749938964845,56.47857089818356,-0.011335561717663256
2025-09-18,170.27000427246094,178.8000030517578,169.38999938964844,176.97000122070312,70768600,171.63999938964844,161.6754997253418,64.24756294763,0.05132774488008396
2025-09-19,177.07000732421875,184.4199981689453,176.7100067138672,182.38999938964844,109129900,173.83200073242188,162.98600006103516,68.09514915553034,0.030626649327904598
2025-09-22,180.8800048828125,182.25,178.2899932861328,179.3300018310547,45916700,175.45599975585938,164.0154998779297,63.91318964139012,-0.016777222264563574
2025-09-23,182.50999450683594,185.75,177.00999450683594,182.5500030517578,62354800,177.91400146484375,165.2845001220703,66.26126526522232,0.017955730707774453
2025-09-24,183.91000366210938,184.85000610351562,177.1199951171875,179.55999755859375,45379700,180.16000061035157,166.21900024414063,62.213206560364156,-0.01637910404370857
2025-09-25,175.8000030517578,184.32000732421875,174.2899932861328,179.1199951171875,72321200,180.58999938964843,167.33899993896483,61.616648207500965,-0.0024504480251101857
2025-09-26,179.0500030517578,180.1199951171875,174.91000366210938,177.57000732421875,44275800,179.6260009765625,168.3115005493164,59.45388747080209,-0.008653348789757875
2025-09-29,179.63999938964844,181.47999572753906,177.16000366210938,178.86000061035156,38413800,179.53200073242186,169.41900024414062,60.69055007622498,0.007264702556313285
2025-09-30,178.97999572753906,182.77000427246094,178.22000122070312,182.4199981689453,43561700,179.50599975585936,170.68550033569335,63.9576473997043,0.019903821684252643
2025-10-01,181.32000732421875,186.27999877929688,179.5,184.9499969482422,45717300,180.58399963378906,172.18800048828126,66.11316422933618,0.013869086748667492
2025-10-02,186.6999969482422,188.1999969482422,182.9499969482422,187.0500030517578,39849200,182.1700012207031,173.7335006713867,67.8328000173162,0.0113544533017933
2025-10-03,186.39999389648438,186.83999633789062,170.77000427246094,173.07000732421875,105533400,181.27000122070314,174.73150100708008,49.73765928956449,-0.0747393504381324
2025-10-06,179.17999267578125,182.9499969482422,177.8300018310547,179.52999877929688,52504200,181.40400085449218,175.90300064086915,55.62800475511934,0.037325886529699925
2025-10-07,180.30999755859375,186.17999267578125,179.4199981689453,182.1699981689453,58179300,181.3540008544922,176.89350051879882,57.804323855428756,0.014705059920898655
2025-10-08,182.8000030517578,184.25999450683594,181.1999969482422,183.55999755859375,36299700,181.0760009765625,177.7345001220703,58.94605533355214,0.007630232220562139
2025-10-09,183.5800018310547,187.6199951171875,179.9499969482422,185.47000122070312,45050300,180.76000061035157,178.79000015258788,60.52659321220313,0.010405337151411231
2025-10-10,185.1699981689453,187.10000610351562,173.52999877929688,175.44000244140625,55194000,181.23399963378907,178.99050064086913,49.70479019625947,-0.054078819826832825
2025-10-13,178.67999267578125,179.22000122070312,173.4499969482422,177.2100067138672,41332400,180.77000122070314,179.29050064086914,51.35761334917129,0.01008894350108136
2025-10-14,176.0,182.33999633789062,170.82000732421875,179.74000549316406,49261400,180.28400268554688,179.76450119018554,53.69975795614349,0.01427683924972678
2025-10-15,181.65499877929688,184.35000610351562,176.02000427246094,179.6199951171875,37372100,179.49600219726562,180.3290008544922,53.56799679785235,-0.0006676887298810996
2025-10-16,181.8800048828125,184.82000732421875,176.4499969482422,178.1199951171875,41223240,178.0260009765625,180.3865005493164,51.85535769246742,-0.008350963371429598
